{"sum": 4679115, "avg": 234.36589030803907, "sumMD": 28656, "avgMD": 236.82644628099175, "sumSD": 25810, "avgSD": 213.30578512396696, "max": 442, "min": 26}